zhe_id,zhe_bu,zhe_suo,zhe_dian,zhe_cusid,zhe_date,zhe_people,zhe_lg,zhe_pm,zhe_lbk
1,杭州城市部,萧山城市所,万里红批发,6555842,2022/3/18,郭旭星-钟钰仁,,2,
2,杭州城市部,萧山城市所,万家福超市,5262652,2022/3/18,郭旭星-钟钰仁,,,
3,杭州城市部,萧山城市所,二十冶集团工地超市（2店）,21648140,2022/3/18,郭旭星-钟钰仁,2,,
4,杭州城市部,萧山城市所,金逸华联超市,7703331,2022/3/18,郭旭星-钟钰仁,,12,
5,杭州城市部,萧山城市所,华联超市,7702988,2022/3/18,郭旭星-钟钰仁,,2,
6,杭州城市部,萧山城市所,浙建集团工地超市,21774294,2022/3/18,郭旭星-钟钰仁,5,,
7,杭州城市部,萧山城市所,佳隆超市,4701217,2022/3/18,郭旭星-钟钰仁,,16,
8,杭州城市部,萧山城市所,大江东平军副食商店,7385313,2022/3/18,郭旭星-钟钰仁,,,
9,杭州城市部,萧山城市所,志云食品,7391526,2022/3/18,郭旭星-钟钰仁,,2,
10,杭州城市部,萧山城市所,小伟超市,6555104,2022/3/18,郭旭星-钟钰仁,,3,
11,杭州城市部,萧山城市所,华联购购中心,5437690,2022/3/18,郭旭星-钟钰仁,,8,
12,杭州城市部,萧山城市所,小店,20945484,2022/3/18,郭旭星-钟钰仁,,10,
13,杭州城市部,萧山城市所,河庄河源超市,7701871,2022/3/18,郭旭星-钟钰仁,,2,
14,杭州城市部,萧山城市所,浙江十二冶工地超市,21648110,2022/3/18,郭旭星-钟钰仁,2,,
15,杭州城市部,萧山城市所,便民超市,20819572,2022/3/18,郭旭星-钟钰仁,,,
16,杭州城市部,萧山城市所,阿平新益佳超市,20829557,2022/3/18,黄右源-钟钰仁,5,44,
17,杭州城市部,萧山城市所,中盟百富食堂超市,20757179,2022/3/18,黄右源-钟钰仁,4,45,
18,杭州城市部,下城区城市所,华夏一超,6217711,2022/3/18,汲普查-王维光,,18,
19,杭州城市部,下城区城市所,九仟客,6465213,2022/3/18,汲普查-王维光,,2,
20,杭州城市部,下城区城市所,超士物语,4633759,2022/3/18,汲普查-王维光,,35,
21,杭州城市部,下城区城市所,华联超市,7596354,2022/3/18,汲普查-王维光,1,37,2
22,杭州城市部,下城区城市所,林林便利店,22532412,2022/3/18,汲普查-王维光,,13,
23,杭州城市部,下城区城市所,品全超市,4607908,2022/3/18,汲普查-王维光,1,39,
24,杭州城市部,下城区城市所,永盛超市,4918266,2022/3/18,汲普查-王维光,1,35,
25,杭州城市部,下城区城市所,浩盛超市,7075520,2022/3/18,汲普查-王维光,3,55,2
26,杭州城市部,桐庐县级所,富利登食堂,22116905,2022/3/18,李庭,5,1,
27,杭州城市部,桐庐县级所,锡霞副食品,7102481,2022/3/18,李庭,,26,2
28,杭州城市部,桐庐县级所,快递食堂,21643636,2022/3/18,李庭,5,64,
29,杭州城市部,萧山城市所,钱塘超市,5440144,2022/3/18,廖继龙-钟钰仁,4,65,1
30,杭州城市部,萧山城市所,鑫鑫便利店,21065011,2022/3/18,廖继龙-钟钰仁,,24,
31,杭州城市部,萧山城市所,松冈机店小店,6107999,2022/3/18,廖继龙-钟钰仁,4,47,2
32,杭州城市部,萧山城市所,江南布衣工厂店,20817159,2022/3/18,廖继龙-钟钰仁,4,17,
33,杭州城市部,萧山城市所,丝美,5327142,2022/3/18,廖继龙-钟钰仁,,27,
34,杭州城市部,萧山城市所,汉帛工厂二楼食堂,22259278,2022/3/18,廖继龙-钟钰仁,4,,
35,杭州城市部,萧山城市所,中国二十二冶,22507879,2022/3/18,马川-申成川,3,,
36,杭州城市部,桐庐县级所,烧鸭饭,20870615,2022/3/18,申屠建栋-江巧玲,2,,
37,嘉兴市级部,桐乡县级所,好易佳,6485681,2022/3/18,陈佳东-李建辉,,5,
38,嘉兴市级部,桐乡县级所,琴花通讯,7192911,2022/3/18,陈佳东-李建辉,,2,
39,嘉兴市级部,桐乡县级所,子帅超市,6106755,2022/3/18,陈佳东-李建辉,,8,
40,嘉兴市级部,桐乡县级所,兴安超市,21852069,2022/3/18,陈佳东-李建辉,,3,
41,嘉兴市级部,桐乡县级所,喜洋洋超市,5497134,2022/3/18,陈佳东-李建辉,,11,
42,嘉兴市级部,桐乡县级所,天天乐购物中心,5496399,2022/3/18,陈佳东-李建辉,,45,2
43,嘉兴市级部,桐乡县级所,小店,8040993,2022/3/18,陈佳东-李建辉,,6,
44,嘉兴市级部,桐乡县级所,锋发副食品店,21796857,2022/3/18,陈佳东-李建辉,,1,
45,嘉兴市级部,桐乡县级所,福利超市,5514873,2022/3/18,陈佳东-李建辉,,7,
46,嘉兴市级部,桐乡县级所,世纪家家福,5496987,2022/3/18,陈佳东-李建辉,,6,
47,嘉兴市级部,桐乡县级所,宜家超市,20560560,2022/3/18,陈佳东-李建辉,,4,
48,嘉兴市级部,桐乡县级所,垲悦超市,8377422,2022/3/18,陈佳东-李建辉,,4,
49,嘉兴市级部,桐乡县级所,年代购物,6481861,2022/3/18,陈佳东-李建辉,,,
50,嘉兴市级部,桐乡县级所,新世纪华联,6324379,2022/3/18,陈佳东-李建辉,,5,
51,嘉兴市级部,桐乡县级所,建华超市,5497066,2022/3/18,陈佳东-李建辉,,12,
52,嘉兴市级部,桐乡县级所,永杰超市,6144127,2022/3/18,陈佳东-李建辉,,2,
53,嘉兴市级部,桐乡县级所,众之友超市,6541792,2022/3/18,陈佳东-李建辉,,24,
54,嘉兴市级部,桐乡县级所,伟民蔬果生鲜,21950734,2022/3/18,陈佳东-李建辉,,1,
55,嘉兴市级部,桐乡县级所,豫东超市,5496760,2022/3/18,陈佳东-李建辉,,8,
56,嘉兴市级部,桐乡县级所,玉英超市,6106620,2022/3/18,陈佳东-李建辉,,4,
57,嘉兴市级部,桐乡县级所,红星超市,7165111,2022/3/18,陈佳东-李建辉,,7,
58,嘉兴市级部,桐乡县级所,大团圆超市,6061540,2022/3/18,陈佳东-李建辉,,3,
59,嘉兴市级部,安吉县级所,领食饭店大食堂迎福宾,21872494,2022/3/18,陈礼-徐瑞保,18,,
60,嘉兴市级部,桐乡县级所,树华超市,5443668,2022/3/18,邓明春-李建辉,,6,
61,嘉兴市级部,桐乡县级所,左邻右舍,7994036,2022/3/18,邓明春-李建辉,,4,
62,嘉兴市级部,桐乡县级所,亿民超市,5461928,2022/3/18,邓明春-李建辉,,7,
63,嘉兴市级部,桐乡县级所,星心超市,5443443,2022/3/18,邓明春-李建辉,,8,
64,嘉兴市级部,桐乡县级所,萍家副食,8072142,2022/3/18,邓明春-李建辉,,12,
65,嘉兴市级部,桐乡县级所,鑫梦副食品超市,7977128,2022/3/18,邓明春-李建辉,,7,
66,嘉兴市级部,桐乡县级所,左邻右舍,20678981,2022/3/18,邓明春-李建辉,,7,
67,嘉兴市级部,桐乡县级所,小芬批发超市,20244487,2022/3/18,邓明春-李建辉,,5,
68,嘉兴市级部,桐乡县级所,永越超市,7282740,2022/3/18,邓明春-李建辉,,25,
69,嘉兴市级部,桐乡县级所,新世纪华联,6924321,2022/3/18,邓明春-李建辉,,13,2
70,嘉兴市级部,桐乡县级所,灿灿副食品店,6160608,2022/3/18,邓明春-李建辉,,20,
71,嘉兴市级部,桐乡县级所,雅康批发,21830806,2022/3/18,邓明春-李建辉,,4,
72,嘉兴市级部,桐乡县级所,百惠,21767964,2022/3/18,邓明春-李建辉,,6,1
73,嘉兴市级部,桐乡县级所,美佳福超市,6110902,2022/3/18,邓明春-李建辉,,8,
74,嘉兴市级部,桐乡县级所,鑫辉生活超市,21971879,2022/3/18,邓明春-李建辉,,2,
75,嘉兴市级部,桐乡县级所,秋韵生鲜,21576469,2022/3/18,邓明春-李建辉,,,
76,嘉兴市级部,桐乡县级所,有福超市,22228829,2022/3/18,邓明春-李建辉,,8,
77,嘉兴市级部,桐乡县级所,汇民超市,6126152,2022/3/18,邓明春-李建辉,,12,
78,嘉兴市级部,桐乡县级所,胖子超市,5487737,2022/3/18,邓明春-李建辉,,55,2
79,嘉兴市级部,桐乡县级所,一起逛,20645658,2022/3/18,邓明春-李建辉,,10,1
80,嘉兴市级部,桐乡县级所,好易多超市,6924373,2022/3/18,邓明春-李建辉,,15,
81,嘉兴市级部,桐乡县级所,福莉隆隆超市,7950278,2022/3/18,邓明春-李建辉,,9,
82,嘉兴市级部,桐乡县级所,利华副食,20251887,2022/3/18,邓明春-李建辉,,12,
83,嘉兴市级部,海宁县级所,路仲购物,22528185,2022/3/18,范培彬,,2,
84,嘉兴市级部,海宁县级所,兴旺,22528470,2022/3/18,范培彬,,6,
85,嘉兴市级部,桐乡县级所,杨梅超市,5496788,2022/3/18,韩学桂-李建辉,,9,2
86,嘉兴市级部,桐乡县级所,大新美超市,21790916,2022/3/18,韩学桂-李建辉,,,
87,嘉兴市级部,桐乡县级所,常华苑超市,22337193,2022/3/18,韩学桂-李建辉,,,
88,嘉兴市级部,桐乡县级所,舒舒食品店,6910401,2022/3/18,韩学桂-李建辉,,,
89,嘉兴市级部,桐乡县级所,九联生鲜超市,21859789,2022/3/18,韩学桂-李建辉,,,
90,嘉兴市级部,桐乡县级所,鸿佳购物超市,20241784,2022/3/18,韩学桂-李建辉,,62,2
91,嘉兴市级部,桐乡县级所,财运来超市,21024863,2022/3/18,韩学桂-李建辉,,61,2
92,嘉兴市级部,桐乡县级所,亚西亚超市,5396775,2022/3/18,韩学桂-李建辉,,,
93,嘉兴市级部,桐乡县级所,家宇购物超市,20874485,2022/3/18,韩学桂-李建辉,,3,
94,嘉兴市级部,桐乡县级所,香品德购物,20241793,2022/3/18,韩学桂-李建辉,,56,2
95,嘉兴市级部,桐乡县级所,永乐超市,6491665,2022/3/18,韩学桂-李建辉,,6,
96,嘉兴市级部,桐乡县级所,近邻超市,21800952,2022/3/18,韩学桂-李建辉,,63,2
97,嘉兴市级部,桐乡县级所,佳佳超市,5396827,2022/3/18,韩学桂-李建辉,,,
98,嘉兴市级部,桐乡县级所,便利超市,6906169,2022/3/18,韩学桂-李建辉,,,
99,嘉兴市级部,桐乡县级所,晓玲超市,5397673,2022/3/18,韩学桂-李建辉,,3,
100,嘉兴市级部,桐乡县级所,友琴超市,5611294,2022/3/18,韩学桂-李建辉,,1,
101,嘉兴市级部,桐乡县级所,梅金杂货店,22280858,2022/3/18,韩学桂-李建辉,,3,
102,嘉兴市级部,桐乡县级所,日兴超市,5397801,2022/3/18,韩学桂-李建辉,,,
103,嘉兴市级部,桐乡县级所,惠凯超市,22281118,2022/3/18,韩学桂-李建辉,,11,2
104,嘉兴市级部,桐乡县级所,友美超市,5446820,2022/3/18,何闯-李建辉,,60,2
105,嘉兴市级部,桐乡县级所,大购超市,21770203,2022/3/18,何闯-李建辉,,,
106,嘉兴市级部,桐乡县级所,振华超市,6023957,2022/3/18,何闯-李建辉,,8,
107,嘉兴市级部,桐乡县级所,新时代购物超市,5426047,2022/3/18,何闯-李建辉,,7,
108,嘉兴市级部,桐乡县级所,小店,7074102,2022/3/18,何闯-李建辉,,,
109,嘉兴市级部,桐乡县级所,乐颜超市,5445767,2022/3/18,何闯-李建辉,,45,
110,嘉兴市级部,桐乡县级所,梧桐副食店,5548592,2022/3/18,何闯-李建辉,,2,
111,嘉兴市级部,桐乡县级所,大众超市,5426824,2022/3/18,何闯-李建辉,,38,
112,嘉兴市级部,桐乡县级所,闹闹旺副食,5446310,2022/3/18,何闯-李建辉,,5,
113,嘉兴市级部,桐乡县级所,浦杭发展超市,20505823,2022/3/18,何闯-李建辉,,2,
114,嘉兴市级部,桐乡县级所,东东生活超市,20217096,2022/3/18,何闯-李建辉,,37,2
115,嘉兴市级部,桐乡县级所,杭州华联,6142586,2022/3/18,何闯-李建辉,,7,
116,嘉兴市级部,桐乡县级所,世纪家家福,5427120,2022/3/18,何闯-李建辉,,38,
117,嘉兴市级部,桐乡县级所,联丰超市,20601090,2022/3/18,何闯-李建辉,,3,
118,嘉兴市级部,桐乡县级所,海霞超市,5509750,2022/3/18,何闯-李建辉,,12,
119,嘉兴市级部,桐乡县级所,玉华,6477127,2022/3/18,何闯-李建辉,,,
120,嘉兴市级部,桐乡县级所,世纪家家福超市,5446747,2022/3/18,何闯-李建辉,,33,
121,嘉兴市级部,桐乡县级所,小店,5550023,2022/3/18,何闯-李建辉,,3,
122,嘉兴市级部,桐乡县级所,毅龙超市,5467843,2022/3/18,何闯-李建辉,,,2
123,嘉兴市级部,桐乡县级所,红红超市,20457550,2022/3/18,何闯-李建辉,,36,
124,嘉兴市级部,桐乡县级所,好万家超市,5446938,2022/3/18,何闯-李建辉,,8,
125,嘉兴市级部,桐乡县级所,德良批发,21595322,2022/3/18,李文义,,3,
126,嘉兴市级部,桐乡县级所,联合购物,20654491,2022/3/18,李文义,,1,
127,嘉兴市级部,桐乡县级所,之和超市,21758703,2022/3/18,李文义,,7,3
128,嘉兴市级部,桐乡县级所,秀园副食品店,6908526,2022/3/18,李文义,,,
129,嘉兴市级部,桐乡县级所,平价超市,6908963,2022/3/18,李文义,,8,
130,嘉兴市级部,桐乡县级所,星星超市,6802769,2022/3/18,李文义,,,
131,嘉兴市级部,桐乡县级所,杭州华联生鲜超市,21758994,2022/3/18,李文义,,5,
132,嘉兴市级部,桐乡县级所,世纪华联,20549877,2022/3/18,李文义,,47,2
133,嘉兴市级部,桐乡县级所,好得来水果烟酒,21014611,2022/3/18,李文义,,3,
134,嘉兴市级部,桐乡县级所,华丽批发,20549786,2022/3/18,李文义,,7,
135,嘉兴市级部,桐乡县级所,东兴,6902944,2022/3/18,李文义,,,
136,嘉兴市级部,桐乡县级所,开元超市,20623738,2022/3/18,李文义,,6,
137,嘉兴市级部,桐乡县级所,世纪华联,8400427,2022/3/18,李文义,,21,1
138,嘉兴市级部,桐乡县级所,鑫鑫超市,20992211,2022/3/18,李文义,,5,
139,嘉兴市级部,桐乡县级所,家家副福副食品店,6908180,2022/3/18,李文义,,2,
140,嘉兴市级部,桐乡县级所,世纪华联,6671402,2022/3/18,李文义,,6,
141,嘉兴市级部,海宁县级所,杭州华联,22559503,2022/3/18,钱春福,,,
142,嘉兴市级部,桐乡县级所,青远超市,6289771,2022/3/18,田炜杰-李建辉,,8,
143,嘉兴市级部,桐乡县级所,联禾购物中心,8310364,2022/3/18,田炜杰-李建辉,1,,
144,嘉兴市级部,桐乡县级所,林林小店,22033006,2022/3/18,田炜杰-李建辉,,,
145,嘉兴市级部,桐乡县级所,便民平价蔬菜店,21732848,2022/3/18,田炜杰-李建辉,,13,
146,嘉兴市级部,桐乡县级所,百果园,20850444,2022/3/18,田炜杰-李建辉,,5,
147,嘉兴市级部,桐乡县级所,如仙商店,6166520,2022/3/18,田炜杰-李建辉,,9,
148,嘉兴市级部,桐乡县级所,利江超市,6129317,2022/3/18,田炜杰-李建辉,,,
149,嘉兴市级部,桐乡县级所,东兴商厦,6572720,2022/3/18,田炜杰-李建辉,,3,
150,嘉兴市级部,桐乡县级所,坤华超市,6150233,2022/3/18,田炜杰-李建辉,,2,
151,嘉兴市级部,桐乡县级所,天天烟酒商行,21695736,2022/3/18,田炜杰-李建辉,,7,
152,嘉兴市级部,桐乡县级所,百家福超市,6338855,2022/3/18,田炜杰-李建辉,,18,
153,嘉兴市级部,桐乡县级所,阿七超市,8239913,2022/3/18,田炜杰-李建辉,,3,
154,嘉兴市级部,桐乡县级所,快乐购超市,6340650,2022/3/18,田炜杰-李建辉,,6,
155,嘉兴市级部,桐乡县级所,世纪华联,20762714,2022/3/18,田炜杰-李建辉,,,
156,嘉兴市级部,桐乡县级所,东江副食品店,6571412,2022/3/18,田炜杰-李建辉,,1,
157,嘉兴市级部,海宁县级所,品味江南高级中学店,22228895,2022/3/18,王庆,5,64,
158,嘉兴市级部,海宁县级所,南洋学院品味江南超市,22203135,2022/3/18,王庆,3,58,
159,嘉兴市级部,安吉县级所,喜跃帅副食店,22504767,2022/3/18,吴凯-陈全得,,,
160,嘉兴市级部,安吉县级所,金龙家苑37幢,22503840,2022/3/18,吴凯-陈全得,,,
161,嘉兴市级部,安吉县级所,老大房超市,22504776,2022/3/18,吴凯-陈全得,,,
162,嘉兴市级部,安吉县级所,舒仙副食品店,22505069,2022/3/18,吴凯-陈全得,,,
163,嘉兴市级部,安吉县级所,水果超市,22502839,2022/3/18,吴凯-陈全得,,,
164,嘉兴市级部,安吉县级所,盛兴超市,22504443,2022/3/18,吴凯-陈全得,,,
165,嘉兴市级部,安吉县级所,玲珑湾超市,22504872,2022/3/18,吴凯-陈全得,,,
166,嘉兴市级部,安吉县级所,南浔知味玲珑百货,22502767,2022/3/18,吴凯-陈全得,,,
167,嘉兴市级部,安吉县级所,吉盛多购物,22502791,2022/3/18,吴凯-陈全得,,,
168,嘉兴市级部,安吉县级所,诚欣便利店,22502683,2022/3/18,吴凯-陈全得,,,
169,嘉兴市级部,安吉县级所,香溢便利店,22503713,2022/3/18,吴凯-陈全得,,,
170,嘉兴市级部,安吉县级所,仁北小店,22506841,2022/3/18,吴凯-陈全得,,,
171,嘉兴市级部,安吉县级所,蔚蔚副食品店,22504904,2022/3/18,吴凯-陈全得,,,
172,嘉兴市级部,安吉县级所,左邻  右舍,22506809,2022/3/18,吴凯-陈全得,,,
173,嘉兴市级部,安吉县级所,湖来超市,22561000,2022/3/18,吴凯-陈全得,,,
174,嘉兴市级部,安吉县级所,玲玲文具百货店,22504999,2022/3/18,吴凯-陈全得,,,
175,嘉兴市级部,安吉县级所,草根之家,22503395,2022/3/18,吴凯-陈全得,,,
176,嘉兴市级部,安吉县级所,中国福利彩票,22503751,2022/3/18,吴凯-陈全得,,,
177,丽水市级部,金华城市所,聚杰食堂,21605810,2022/3/18,白勇,5,63,
178,丽水市级部,永康县级所,金色曙光烟酒,5572397,2022/3/18,傅伟康-朱晨露,,30,
179,丽水市级部,永康县级所,曹园新世纪超市,4906471,2022/3/18,傅伟康-朱晨露,,25,
180,丽水市级部,永康县级所,百佳利超市,5542699,2022/3/18,傅伟康-朱晨露,,8,
181,丽水市级部,永康县级所,子政路世纪华联,8315761,2022/3/18,傅伟康-朱晨露,,6,
182,丽水市级部,永康县级所,兴旺超市,6015257,2022/3/18,傅伟康-朱晨露,,,
183,丽水市级部,永康县级所,永康华联配送红荷便利,6088085,2022/3/18,傅伟康-朱晨露,5,52,2
184,丽水市级部,永康县级所,毅鑫超市,6089585,2022/3/18,傅伟康-朱晨露,,21,2
185,丽水市级部,永康县级所,阿康超市,6091514,2022/3/18,傅伟康-朱晨露,,5,
186,丽水市级部,永康县级所,金顺烟酒超市,6121378,2022/3/18,傅伟康-朱晨露,,19,
187,丽水市级部,永康县级所,福家便民超市,20977436,2022/3/18,傅伟康-朱晨露,,3,
188,丽水市级部,永康县级所,永相逢烟酒,6547205,2022/3/18,傅伟康-朱晨露,,,
189,丽水市级部,永康县级所,百慕炉业,22155142,2022/3/18,傅伟康-朱晨露,,,
190,丽水市级部,永康县级所,美宜佳,6493183,2022/3/18,傅伟康-朱晨露,,,
191,丽水市级部,永康县级所,照联超市,6561473,2022/3/18,傅伟康-朱晨露,,13,
192,丽水市级部,永康县级所,建宇超市,6448572,2022/3/18,傅伟康-朱晨露,,10,
193,丽水市级部,丽水县级所,街头桥烟酒店,22510115,2022/3/18,练遇达-陈俊阳,1,12,
194,丽水市级部,丽水县级所,悦来超市,22509209,2022/3/18,练遇达-陈俊阳,,9,
195,丽水市级部,丽水县级所,碧桂园工地,22510478,2022/3/18,练遇达-陈俊阳,3,,
196,丽水市级部,丽水县级所,一风超市,22509988,2022/3/18,练遇达-陈俊阳,,8,
197,丽水市级部,丽水县级所,梅一放心店,22509989,2022/3/18,练遇达-陈俊阳,,10,
198,丽水市级部,丽水县级所,鸿源超市,22509827,2022/3/18,练遇达-陈俊阳,,11,
199,丽水市级部,缙云县级所,百路发超市,7382879,2022/3/18,吕洁锋-张双锋,,5,1
200,丽水市级部,缙云县级所,盈盈副食,20444951,2022/3/18,吕洁锋-张双锋,,10,1
201,丽水市级部,缙云县级所,食堂超市,5486572,2022/3/18,吕洁锋-张双锋,5,35,1
202,丽水市级部,缙云县级所,阿凯超市,7482084,2022/3/18,吕洁锋-张双锋,5,43,
203,丽水市级部,缙云县级所,麻村便利店,7435205,2022/3/18,吕洁锋-张双锋,,6,
204,丽水市级部,缙云县级所,新瑞薄板食堂,6185450,2022/3/18,吕洁锋-张双锋,5,,1
205,丽水市级部,缙云县级所,来又来超市,7434929,2022/3/18,吕洁锋-张双锋,,3,
206,丽水市级部,缙云县级所,新碧镇麻岙村放心示范店,7435057,2022/3/18,吕洁锋-张双锋,,6,
207,丽水市级部,缙云县级所,花门桥超市,7436005,2022/3/18,吕洁锋-张双锋,,6,2
208,丽水市级部,缙云县级所,林富乐购生活超市,21862257,2022/3/18,吕洁锋-张双锋,,,1
209,丽水市级部,缙云县级所,群晖实业超市,21125207,2022/3/18,吕洁锋-张双锋,5,49,1
210,丽水市级部,缙云县级所,爱升世纪华联,20535438,2022/3/18,吕洁锋-张双锋,,9,1
211,丽水市级部,缙云县级所,花门桥超市,7436005,2022/3/18,吕洁锋-张双锋,,6,3
212,丽水市级部,缙云县级所,联华超市,7434760,2022/3/18,吕洁锋-张双锋,,,2
213,丽水市级部,缙云县级所,群英食堂,5485299,2022/3/18,吕洁锋-张双锋,5,,2
214,丽水市级部,缙云县级所,小天使文具,20512818,2022/3/18,吕洁锋-张双锋,,14,
215,丽水市级部,缙云县级所,新虞生活超市,21187823,2022/3/18,吕洁锋-张双锋,,12,
216,丽水市级部,缙云县级所,天桥下副食,21810080,2022/3/18,吕洁锋-张双锋,,5,
217,丽水市级部,丽水县级所,坚定副食,22377229,2022/3/18,蒙彩霞-林品芬,,8,2
218,丽水市级部,丽水县级所,浙百汇超市,22237185,2022/3/18,蒙彩霞-林品芬,,16,2
219,丽水市级部,丽水县级所,以勒超市,2218227,2022/3/18,蒙彩霞-林品芬,,12,4
220,丽水市级部,丽水县级所,水英小超市,2132721,2022/3/18,蒙彩霞-林品芬,,9,
221,丽水市级部,丽水县级所,翠香水果,2197108,2022/3/18,蒙彩霞-林品芬,,,
222,丽水市级部,丽水县级所,莹超超市,2203700,2022/3/18,蒙彩霞-林品芬,,29,1
223,丽水市级部,丽水县级所,淑宇烟酒,21795912,2022/3/18,蒙彩霞-林品芬,,8,4
224,丽水市级部,丽水县级所,成成烟酒,21796209,2022/3/18,蒙彩霞-林品芬,,6,3
225,丽水市级部,丽水县级所,果果副食,20641160,2022/3/18,蒙彩霞-林品芬,,,3
226,丽水市级部,丽水县级所,利民超市,5481990,2022/3/18,蒙彩霞-林品芬,,4,
227,丽水市级部,丽水县级所,阳哥副食品超市,21958551,2022/3/18,蒙彩霞-林品芬,,5,1
228,丽水市级部,丽水县级所,小精灵玩具,3201123,2022/3/18,蒙彩霞-林品芬,,12,
229,丽水市级部,丽水县级所,佳联食品店,2746440,2022/3/18,蒙彩霞-林品芬,1,,3
230,丽水市级部,丽水县级所,任佳超市,7974017,2022/3/18,蒙彩霞-林品芬,,31,2
231,丽水市级部,丽水县级所,时旺超市,20275782,2022/3/18,蒙彩霞-林品芬,,35,1
232,丽水市级部,丽水县级所,梓芸副食,4875202,2022/3/18,蒙彩霞-林品芬,,3,2
233,丽水市级部,丽水县级所,时刻烟酒,2189804,2022/3/18,蒙彩霞-林品芬,,6,2
234,丽水市级部,永康县级所,胡库便民商店,8058430,2022/3/18,童巧武-朱晨露,,40,2
235,丽水市级部,永康县级所,利群副食店,5524889,2022/3/18,童巧武-朱晨露,,,
236,丽水市级部,永康县级所,兴富超市,21733300,2022/3/18,童巧武-朱晨露,,6,
237,丽水市级部,永康县级所,惠利康超市,6811762,2022/3/18,童巧武-朱晨露,,11,2
238,丽水市级部,永康县级所,晴朗超市,5043115,2022/3/18,童巧武-朱晨露,,50,2
239,丽水市级部,永康县级所,万家乐超市,8023988,2022/3/18,童巧武-朱晨露,,48,
240,丽水市级部,永康县级所,速乐家,6451039,2022/3/18,童巧武-朱晨露,,,2
241,丽水市级部,永康县级所,红华副食,4524295,2022/3/18,童巧武-朱晨露,,26,
242,丽水市级部,永康县级所,荟选生活超市,20265063,2022/3/18,童巧武-朱晨露,,12,
243,丽水市级部,永康县级所,则v民安超市,6456210,2022/3/18,童巧武-朱晨露,,37,
244,丽水市级部,永康县级所,南山好又多,6327615,2022/3/18,童巧武-朱晨露,,,
245,丽水市级部,永康县级所,荷莲超市,6073128,2022/3/18,童巧武-朱晨露,,24,
246,丽水市级部,永康县级所,梦琪副食,6643255,2022/3/18,童巧武-朱晨露,,13,2
247,丽水市级部,永康县级所,易家福购物,8240868,2022/3/18,童巧武-朱晨露,,48,
248,丽水市级部,永康县级所,恒乐烟酒副食,6661247,2022/3/18,童巧武-朱晨露,,49,
249,丽水市级部,永康县级所,玲秋名烟名酒,6022219,2022/3/18,童巧武-朱晨露,,23,
250,丽水市级部,永康县级所,刘杰烟酒,6548437,2022/3/18,童巧武-朱晨露,,5,
251,丽水市级部,永康县级所,鸿隆烟洒超市,22543222,2022/3/18,童巧武-朱晨露,,7,
252,丽水市级部,永康县级所,春辉烟酒,6126077,2022/3/18,童巧武-朱晨露,,31,
253,丽水市级部,永康县级所,万客隆,8103148,2022/3/18,童巧武-朱晨露,,59,2
254,丽水市级部,永康县级所,金龙文具,21749483,2022/3/18,童巧武-朱晨露,,4,
255,丽水市级部,永康县级所,易家福购物,8240868,2022/3/18,童巧武-朱晨露,,38,
256,丽水市级部,永康县级所,星际超市,20360175,2022/3/18,童巧武-朱晨露,,3,
257,丽水市级部,永康县级所,加会副食,6123871,2022/3/18,童巧武-朱晨露,,23,
258,丽水市级部,永康县级所,世纪华联,6456296,2022/3/18,童巧武-朱晨露,,20,2
259,丽水市级部,丽水县级所,利群购物,5438810,2022/3/18,吴花囡-陶兆军,,49,
260,丽水市级部,丽水县级所,喜多多超市,4491957,2022/3/18,吴花囡-陶兆军,,16,
261,丽水市级部,丽水县级所,玲玲商行,7093789,2022/3/18,吴花囡-陶兆军,,7,
262,丽水市级部,丽水县级所,洋墩春燕放心商行,4491467,2022/3/18,吴花囡-陶兆军,,5,
263,丽水市级部,丽水县级所,连心超市,8209657,2022/3/18,吴花囡-陶兆军,,8,
264,丽水市级部,丽水县级所,鼎惠便利店,20287696,2022/3/18,吴花囡-陶兆军,,4,
265,丽水市级部,丽水县级所,庆元国大超市,4491584,2022/3/18,吴花囡-陶兆军,,6,1
266,丽水市级部,丽水县级所,百盛超市,5359735,2022/3/18,吴花囡-陶兆军,,13,
267,丽水市级部,丽水县级所,春娥便利店,4490857,2022/3/18,吴花囡-陶兆军,,1,
268,丽水市级部,丽水县级所,洋墩批发部,6808830,2022/3/18,吴花囡-陶兆军,,,
269,丽水市级部,丽水县级所,洋墩百大超市,6884223,2022/3/18,吴花囡-陶兆军,,5,
270,丽水市级部,丽水县级所,阳光超市,6838019,2022/3/18,吴花囡-陶兆军,,3,
271,丽水市级部,丽水县级所,左邻右舍,5514334,2022/3/18,吴花囡-陶兆军,,15,
272,丽水市级部,丽水县级所,夷越食品,20288578,2022/3/18,吴花囡-陶兆军,,4,
273,丽水市级部,丽水县级所,百大超市,5607092,2022/3/18,吴花囡-陶兆军,,4,
274,丽水市级部,丽水县级所,百大超市,4490658,2022/3/18,吴花囡-陶兆军,,12,
275,丽水市级部,丽水县级所,芳芳烟店,5607883,2022/3/18,吴花囡-陶兆军,,3,
276,丽水市级部,丽水县级所,百大超市(白象店),4491637,2022/3/18,吴花囡-陶兆军,,3,
277,丽水市级部,丽水县级所,农贸超市,8209751,2022/3/18,吴花囡-陶兆军,,13,
278,丽水市级部,丽水县级所,国大超市松阳店,4521306,2022/3/18,吴花囡-陶兆军,,12,
279,丽水市级部,丽水县级所,兴隆超,5590950,2022/3/18,吴花囡-陶兆军,,21,1
280,丽水市级部,丽水县级所,佳旺超市,4491162,2022/3/18,吴花囡-陶兆军,,5,
281,丽水市级部,丽水县级所,喜开乐食品店,20212850,2022/3/18,吴花囡-陶兆军,,5,
282,丽水市级部,金华城市所,好乐多超市,21585040,2022/3/18,湛林-白勇,,2,
283,丽水市级部,金华城市所,荟选生活超市,21585601,2022/3/18,湛林-白勇,,5,
284,丽水市级部,金华城市所,左邻右舍,21585607,2022/3/18,湛林-白勇,,8,
285,丽水市级部,金华城市所,双益烟酒超市,21585021,2022/3/18,湛林-白勇,,3,
286,丽水市级部,金华城市所,茆角生活超市,21585065,2022/3/18,湛林-白勇,,60,
287,丽水市级部,金华城市所,顺达便利店,21585864,2022/3/18,湛林-白勇,,23,
288,丽水市级部,金华城市所,隆佳万,21586201,2022/3/18,湛林-白勇,,2,
289,丽水市级部,金华城市所,照宏饭店青云路,22017659,2022/3/18,湛林-白勇,,1,
290,丽水市级部,金华城市所,万家乐超市,21623830,2022/3/18,湛林-白勇,,,
291,丽水市级部,金华城市所,宏日餐馆,21585952,2022/3/18,湛林-白勇,,6,
292,丽水市级部,金华城市所,爱家购物中心,21769691,2022/3/18,湛林-白勇,,10,
293,丽水市级部,金华城市所,好邻居超市茆角,21768182,2022/3/18,湛林-白勇,,,
294,丽水市级部,金华城市所,领齐食堂,21585934,2022/3/18,湛林-白勇,,,
295,丽水市级部,金华城市所,欣悦隆超市茆角,21769103,2022/3/18,湛林-白勇,,30,
296,丽水市级部,金华城市所,力群烟酒超市,21624157,2022/3/18,湛林-白勇,,57,
297,丽水市级部,永康县级所,世纪华联,6268743,2022/3/18,朱晨龙-朱晨露,,7,
298,丽水市级部,永康县级所,新世纪华联,6074194,2022/3/18,朱晨龙-朱晨露,,,
299,丽水市级部,永康县级所,康康超市,6914707,2022/3/18,朱晨龙-朱晨露,1,,2
300,丽水市级部,永康县级所,金平副食,6526147,2022/3/18,朱晨龙-朱晨露,,3,
301,丽水市级部,永康县级所,新星世纪华联,20382896,2022/3/18,朱晨龙-朱晨露,,7,
302,丽水市级部,永康县级所,杭州华联,6643872,2022/3/18,朱晨龙-朱晨露,,21,
303,丽水市级部,永康县级所,家旺烟酒超市,6012196,2022/3/18,朱晨龙-朱晨露,,7,
304,丽水市级部,永康县级所,颖晨便利,8415847,2022/3/18,朱晨龙-朱晨露,,4,
305,丽水市级部,永康县级所,挺能胜食堂,22560740,2022/3/18,朱晨龙-朱晨露,5,,3
306,丽水市级部,永康县级所,俞皮快乐购,6468816,2022/3/18,朱晨龙-朱晨露,,14,
307,丽水市级部,永康县级所,阿仙超市,22513552,2022/3/18,朱晨龙-朱晨露,5,8,
308,丽水市级部,永康县级所,惠民烟酒超市,22513860,2022/3/18,朱晨龙-朱晨露,1,8,
309,丽水市级部,永康县级所,杭州华联,4283047,2022/3/18,朱晨龙-朱晨露,,4,
310,丽水市级部,永康县级所,代丽超市,8192709,2022/3/18,朱晨龙-朱晨露,,12,
311,丽水市级部,永康县级所,大徐华联配送,6433236,2022/3/18,朱晨龙-朱晨露,,5,
312,丽水市级部,永康县级所,俞皮超市,6015118,2022/3/18,朱晨龙-朱晨露,,,
313,丽水市级部,永康县级所,锦瑶购物超市,21921018,2022/3/18,朱晨龙-朱晨露,,7,
314,丽水市级部,永康县级所,大徐华呤阿东超市,6644252,2022/3/18,朱晨龙-朱晨露,,2,
315,丽水市级部,永康县级所,金艳烟酒,6644111,2022/3/18,朱晨龙-朱晨露,,9,
316,丽水市级部,永康县级所,华丽超市,6522327,2022/3/18,朱晨龙-朱晨露,,11,
317,丽水市级部,永康县级所,利民烟酒超市,21921043,2022/3/18,朱晨龙-朱晨露,,4,
318,丽水市级部,永康县级所,步阳食堂,5728218,2022/3/18,朱晨龙-朱晨露,3,,
319,丽水市级部,永康县级所,航菲烟酒超市,21960384,2022/3/18,朱晨龙-朱晨露,5,41,
320,丽水市级部,永康县级所,盛容好又多超市,22512862,2022/3/18,朱晨龙-朱晨露,5,56,2
321,丽水市级部,永康县级所,下陈生活超市,6081743,2022/3/18,朱航行-朱晨露,,2,
322,丽水市级部,永康县级所,塘花超市,21917538,2022/3/18,朱航行-朱晨露,,7,
323,丽水市级部,永康县级所,百家利副食店,6491091,2022/3/18,朱航行-朱晨露,,9,
324,丽水市级部,永康县级所,吉吉超市,20922563,2022/3/18,朱航行-朱晨露,,54,
325,丽水市级部,永康县级所,玲夏副食店,21884857,2022/3/18,朱航行-朱晨露,,4,
326,丽水市级部,永康县级所,塘花新世纪华联,6084435,2022/3/18,朱航行-朱晨露,5,54,2
327,丽水市级部,永康县级所,绿谷超市,6241736,2022/3/18,朱航行-朱晨露,,,
328,丽水市级部,永康县级所,石柱好又多生活超市,6083851,2022/3/18,朱航行-朱晨露,,3,
329,丽水市级部,永康县级所,世纪华联开惠超市,6040064,2022/3/18,朱航行-朱晨露,,,
330,丽水市级部,永康县级所,好的超市,6486457,2022/3/18,朱航行-朱晨露,,,
331,丽水市级部,永康县级所,阿微超市,6414721,2022/3/18,朱航行-朱晨露,2,50,
332,丽水市级部,永康县级所,郎村沁文烟酒,6348528,2022/3/18,朱航行-朱晨露,,41,2
333,丽水市级部,永康县级所,下里溪庆丰面馆,21916092,2022/3/18,朱航行-朱晨露,,,
334,丽水市级部,永康县级所,步步高超市,6083497,2022/3/18,朱航行-朱晨露,,4,
335,丽水市级部,永康县级所,伟超小店,21129750,2022/3/18,朱航行-朱晨露,,5,
336,丽水市级部,永康县级所,阿全文具店,6544748,2022/3/18,朱航行-朱晨露,,2,
337,丽水市级部,永康县级所,塘花新世纪华联,6084435,2022/3/18,朱航行-朱晨露,5,50,2
338,丽水市级部,永康县级所,绮绮超市,21715959,2022/3/18,朱航行-朱晨露,,4,
339,宁波市级部,宁海县级所,卷烟零售,21269581,2022/3/18,曾金-李义,,44,2
340,宁波市级部,绍兴城市所,凤林路阳光生活超市,22559205,2022/3/18,顾泽凤-计东波,,4,
341,宁波市级部,绍兴城市所,袍江越英路迎隆生活超市,22560889,2022/3/18,顾泽凤-计东波,,14,
342,宁波市级部,宁海县级所,素珍烟酒行,21302279,2022/3/18,胡红运-李义,,,
343,宁波市级部,宁海县级所,伯鑫超市,21729286,2022/3/18,胡红运-李义,,6,
344,宁波市级部,宁海县级所,美林阁,21302271,2022/3/18,胡红运-李义,,,
345,宁波市级部,宁海县级所,金珠小店,21669325,2022/3/18,胡红运-李义,,,
346,宁波市级部,宁海县级所,联合购物,21673152,2022/3/18,胡红运-李义,,9,
347,宁波市级部,宁海县级所,潘家桥世纪华联,21899077,2022/3/18,胡红运-李义,,2,
348,宁波市级部,宁海县级所,中丽万家,21304968,2022/3/18,胡红运-李义,,,
349,宁波市级部,宁海县级所,白石好又多超市,22512036,2022/3/18,胡红运-李义,,2,
350,宁波市级部,宁海县级所,哆哆零食水果,21669947,2022/3/18,胡红运-李义,,1,
351,宁波市级部,宁海县级所,康联厂小店,21668432,2022/3/18,胡红运-李义,,,
352,宁波市级部,宁海县级所,大家发超市,21673281,2022/3/18,胡红运-李义,,,
353,宁波市级部,宁海县级所,新旺角副食,21671925,2022/3/18,胡红运-李义,,1,
354,宁波市级部,宁海县级所,杭州华联,21304976,2022/3/18,胡红运-李义,,6,2
355,宁波市级部,宁海县级所,桃子副食品,22512132,2022/3/18,胡红运-李义,,3,
356,宁波市级部,宁海县级所,创裕厂小店,21671332,2022/3/18,胡红运-李义,,1,
357,宁波市级部,宁海县级所,白石世纪华联,21669640,2022/3/18,胡红运-李义,,1,
358,宁波市级部,宁海县级所,大家乐超市,21304667,2022/3/18,胡红运-李义,,1,
359,宁波市级部,余姚县级所,万家福超市,22498469,2022/3/18,黄亚楠-王帆,,7,
360,宁波市级部,余姚县级所,娜娜超市,22560804,2022/3/18,黄亚楠-王帆,5,,
361,宁波市级部,余姚县级所,华联超市,22560428,2022/3/18,黄亚楠-王帆,4,30,
362,宁波市级部,余姚县级所,逸超烟酒,22497697,2022/3/18,黄亚楠-王帆,,6,
363,宁波市级部,余姚县级所,啊军烟酒粮油店,22560669,2022/3/18,黄亚楠-王帆,,10,
364,宁波市级部,余姚县级所,徐烟酒,22559120,2022/3/18,黄亚楠-王帆,,8,
365,宁波市级部,余姚县级所,娴娴超市,22497603,2022/3/18,黄亚楠-王帆,,5,
366,宁波市级部,余姚县级所,洋山超市,22560284,2022/3/18,黄亚楠-王帆,5,9,
367,宁波市级部,余姚县级所,永水超市（天元联都）,22498621,2022/3/18,黄亚楠-王帆,,6,
368,宁波市级部,余姚县级所,友莲超市,22560162,2022/3/18,黄亚楠-王帆,,,
369,宁波市级部,柯桥城市所,杭州华联超市,7908549,2022/3/18,兰国方-苗小波,,14,
370,宁波市级部,柯桥城市所,江南村烟酒副食品店,20231638,2022/3/18,兰国方-苗小波,,2,
371,宁波市级部,柯桥城市所,江南市场供销便利店,20750328,2022/3/18,兰国方-苗小波,,8,
372,宁波市级部,柯桥城市所,枢里村新世纪华联超市,20242036,2022/3/18,兰国方-苗小波,,16,2
373,宁波市级部,柯桥城市所,狮子山芬芳便利店,7908857,2022/3/18,兰国方-苗小波,,37,
374,宁波市级部,柯桥城市所,兴云超市,20251703,2022/3/18,兰国方-苗小波,,7,
375,宁波市级部,柯桥城市所,三西便利超市,20253671,2022/3/18,兰国方-苗小波,,26,1
376,宁波市级部,柯桥城市所,诚信超市,21660724,2022/3/18,兰国方-苗小波,,1,
377,宁波市级部,柯桥城市所,南钱清好又多购物,20228429,2022/3/18,兰国方-苗小波,,50,
378,宁波市级部,柯桥城市所,人和便利超市,20241978,2022/3/18,兰国方-苗小波,,7,
379,宁波市级部,柯桥城市所,供销超市三西村店,8264242,2022/3/18,兰国方-苗小波,,4,
380,宁波市级部,柯桥城市所,易购超市,7908949,2022/3/18,兰国方-苗小波,,,
381,宁波市级部,柯桥城市所,百世烟酒,21707898,2022/3/18,兰国方-苗小波,,13,
382,宁波市级部,柯桥城市所,新好又多超市,7909749,2022/3/18,兰国方-苗小波,,28,
383,宁波市级部,柯桥城市所,蜀风家乐超市,20657571,2022/3/18,兰国方-苗小波,,,
384,宁波市级部,柯桥城市所,狮子山新世纪华联,20821170,2022/3/18,兰国方-苗小波,,55,1
385,宁波市级部,柯桥城市所,华联超市华茂店,20987590,2022/3/18,兰国方-苗小波,,25,
386,宁波市级部,柯桥城市所,龙山村世纪华联,20246224,2022/3/18,兰国方-苗小波,5,13,
387,宁波市级部,柯桥城市所,梅二好又多,20218371,2022/3/18,兰国方-苗小波,,27,
388,宁波市级部,宁波城市所,丰丰超市,21820369,2022/3/18,李位-沈辉,,2,
389,宁波市级部,宁波城市所,沙县小吃,21834651,2022/3/18,李位-沈辉,,,
390,宁波市级部,宁波城市所,平强超市棋牌,21853924,2022/3/18,李位-沈辉,,5,
391,宁波市级部,宁波城市所,山西刀削面,22202439,2022/3/18,李位-沈辉,,,
392,宁波市级部,宁波城市所,沙县小吃,21834624,2022/3/18,李位-沈辉,,,
393,宁波市级部,宁波城市所,锦绣超市,21820566,2022/3/18,李位-沈辉,,3,
394,宁波市级部,宁波城市所,中建八局,21876788,2022/3/18,李位-沈辉,,16,
395,宁波市级部,宁波城市所,姐妹超市,21895172,2022/3/18,李位-沈辉,,5,
396,宁波市级部,宁波城市所,钱湖超市,22355797,2022/3/18,李位-沈辉,,,
397,宁波市级部,宁波城市所,丽园棋牌超市,21875848,2022/3/18,李位-沈辉,,12,3
398,宁波市级部,宁波城市所,兴达超市,21875249,2022/3/18,李位-沈辉,,,
399,宁波市级部,宁波城市所,开心果水果超市,21820284,2022/3/18,李位-沈辉,1,,
400,宁波市级部,宁波城市所,安。徽烟酒副食店,21894491,2022/3/18,李位-沈辉,,1,
401,宁波市级部,宁波城市所,家家乐,21791875,2022/3/18,李云飞,,2,
402,宁波市级部,宁波城市所,邻里便利店，烟酒零售,21092441,2022/3/18,李云飞,,6,
403,宁波市级部,宁波城市所,小敏副食店,21792362,2022/3/18,李云飞,1,,
404,宁波市级部,宁波城市所,清湾食品商行,21791430,2022/3/18,李云飞,,36,3
405,宁波市级部,宁波城市所,磊磊烟酒副食店,21791858,2022/3/18,李云飞,,,
406,宁波市级部,宁波城市所,路林粮油批发,21792311,2022/3/18,李云飞,,1,2
407,宁波市级部,宁波城市所,家福多超市,21791535,2022/3/18,李云飞,,2,
408,宁波市级部,宁波城市所,梅堰文具店,22524579,2022/3/18,李云飞,,,
409,宁波市级部,宁波城市所,可可奶茶店,21815824,2022/3/18,李云飞,,5,2
410,宁波市级部,宁波城市所,海涛烟杂,22307566,2022/3/18,李云飞,,7,
411,宁波市级部,宁波城市所,宗红烟杂店,21791662,2022/3/18,李云飞,,1,
412,宁波市级部,宁波城市所,世纪华联购物,21791753,2022/3/18,李云飞,,14,2
413,宁波市级部,宁波城市所,华联超市,22154916,2022/3/18,李云飞,,,
414,宁波市级部,宁波城市所,好又多超市,21791682,2022/3/18,李云飞,,5,2
415,宁波市级部,宁波城市所,老五超市,21792298,2022/3/18,李云飞,,2,
416,宁波市级部,宁波城市所,好又多超市,21791599,2022/3/18,李云飞,,7,2
417,宁波市级部,宁波城市所,百家乐副食店,21092707,2022/3/18,李云飞,,5,
418,宁波市级部,宁波城市所,6号码小店,21792268,2022/3/18,李云飞,,,
419,宁波市级部,宁波城市所,甬宣商场,22141582,2022/3/18,李云飞,,20,
420,宁波市级部,余姚县级所,沙县小吃,22560511,2022/3/18,林志松-江家荣,,,
421,宁波市级部,宁波城市所,小小店,22561383,2022/3/18,刘福军-孟岳,,,
422,宁波市级部,宁波城市所,满星利民超市,21822138,2022/3/18,刘福军-孟岳,,,1
423,宁波市级部,宁波城市所,广源超市,21822073,2022/3/18,刘福军-孟岳,,,
424,宁波市级部,宁波城市所,晓红烟酒,21990683,2022/3/18,刘福军-孟岳,,,
425,宁波市级部,宁波城市所,菜鸟驿站,21822192,2022/3/18,刘福军-孟岳,,2,
426,宁波市级部,宁波城市所,志超烟酒,22559868,2022/3/18,刘福军-孟岳,,,1
427,宁波市级部,宁波城市所,好时代精品超市,21928845,2022/3/18,刘福军-孟岳,,,
428,宁波市级部,宁波城市所,赵壮烟酒商行,21895054,2022/3/18,刘福军-孟岳,,2,
429,宁波市级部,宁波城市所,明苑超市,21910367,2022/3/18,刘福军-孟岳,,2,
430,宁波市级部,宁波城市所,东益超市,21935477,2022/3/18,刘福军-孟岳,,2,
431,宁波市级部,宁波城市所,九龙烟酒店,21910292,2022/3/18,刘福军-孟岳,,1,
432,宁波市级部,宁波城市所,豪宇超市,22559731,2022/3/18,刘福军-孟岳,,,2
433,宁波市级部,宁波城市所,新益佳超市买,21960856,2022/3/18,刘福军-孟岳,,,
434,宁波市级部,宁波城市所,雨辰超市,21960741,2022/3/18,刘福军-孟岳,,3,
435,宁波市级部,宁波城市所,甬石加油站,20227261,2022/3/18,刘福军-孟岳,,,
436,宁波市级部,上虞县级所,邵逸夫工地,22032717,2022/3/18,任梁锋,5,70,
437,宁波市级部,上虞县级所,易购超市,6577647,2022/3/18,任梁锋,,,2
438,宁波市级部,柯桥城市所,昕欣超市,20749952,2022/3/18,沈宏金,4,25,
439,宁波市级部,柯桥城市所,明宇超市,7449073,2022/3/18,沈宏金,,44,
440,宁波市级部,柯桥城市所,嘉业小店,20296216,2022/3/18,沈宏金,5,49,
441,宁波市级部,柯桥城市所,舒乐超市,7187328,2022/3/18,沈宏金,,18,
442,宁波市级部,柯桥城市所,佳联便利店,7434775,2022/3/18,沈宏金,5,55,
443,宁波市级部,柯桥城市所,精工好客来,7441914,2022/3/18,沈宏金,,37,
444,宁波市级部,柯桥城市所,舒豪小店,7445569,2022/3/18,沈宏金,,14,2
445,宁波市级部,柯桥城市所,亿佳超市,7237044,2022/3/18,沈宏金,,51,1
446,宁波市级部,舟山县级所,临城工地2,22062141,2022/3/18,唐娜芬-贾鹏天,,,1
447,宁波市级部,舟山县级所,善德烟酒,20536243,2022/3/18,唐娜芬-贾鹏天,,,1
448,宁波市级部,舟山县级所,欧小宝超市,20506879,2022/3/18,唐娜芬-贾鹏天,,,2
449,宁波市级部,舟山县级所,小吃店,21925037,2022/3/18,唐娜芬-贾鹏天,,,
450,宁波市级部,舟山县级所,优客生鲜超市,20506798,2022/3/18,唐娜芬-贾鹏天,,3,
451,宁波市级部,舟山县级所,翠怡食品超市,20506500,2022/3/18,唐娜芬-贾鹏天,,,2
452,宁波市级部,舟山县级所,伶伶水果店,20507180,2022/3/18,唐娜芬-贾鹏天,,,
453,宁波市级部,舟山县级所,城东小小便利,20506772,2022/3/18,唐娜芬-贾鹏天,,,2
454,宁波市级部,舟山县级所,广华便利店,22001374,2022/3/18,唐娜芬-贾鹏天,,,1
455,宁波市级部,舟山县级所,老乡便利,20506952,2022/3/18,唐娜芬-贾鹏天,,,2
456,宁波市级部,舟山县级所,老乡格拉条,22216195,2022/3/18,唐娜芬-贾鹏天,,,
457,宁波市级部,舟山县级所,古法传统牛肉汤,20506969,2022/3/18,唐娜芬-贾鹏天,,,
458,宁波市级部,舟山县级所,阿杜食品店,20507199,2022/3/18,唐娜芬-贾鹏天,,2,
459,宁波市级部,舟山县级所,城东雨虹烟酒店,20507235,2022/3/18,唐娜芬-贾鹏天,,,2
460,宁波市级部,舟山县级所,蕊瑞食品超市,22174218,2022/3/18,唐娜芬-贾鹏天,,,2
461,宁波市级部,舟山县级所,天天来超市,20507321,2022/3/18,唐娜芬-贾鹏天,,,
462,宁波市级部,宁波城市所,闫胖子便利店,21095441,2022/3/18,王德省,,1,
463,宁波市级部,宁波城市所,波乐食品店,21093817,2022/3/18,王德省,,1,
464,宁波市级部,宁波城市所,平晶超市,21094036,2022/3/18,王德省,,13,
465,宁波市级部,宁波城市所,达利超市,21094973,2022/3/18,王德省,,4,1
466,宁波市级部,宁波城市所,晨光文具,21095054,2022/3/18,王德省,,,
467,宁波市级部,宁波城市所,嘉和购物,21094081,2022/3/18,王德省,,6,
468,宁波市级部,宁波城市所,银英食品店,21093301,2022/3/18,王德省,,,2
469,宁波市级部,宁波城市所,鸿娇烟酒商行,21880453,2022/3/18,王德省,,,
470,宁波市级部,宁波城市所,跃进食品店,21093714,2022/3/18,王德省,,6,
471,宁波市级部,宁波城市所,得力文具,21095074,2022/3/18,王德省,,,2
472,宁波市级部,宁波城市所,娥菊副食店,21095142,2022/3/18,王德省,,,
473,宁波市级部,宁波城市所,窦氏食品店,21842728,2022/3/18,王德省,,14,
474,宁波市级部,宁波城市所,新棉，棋牌室小店,21093676,2022/3/18,王德省,,2,
475,宁波市级部,宁波城市所,新建村桥头小店,21093958,2022/3/18,王德省,,4,
476,宁波市级部,宁波城市所,新建村菜场旁小店,21093988,2022/3/18,王德省,,6,
477,宁波市级部,宁波城市所,鑫腾烟酒,21086070,2022/3/18,王德省,,1,
478,宁波市级部,宁波城市所,泓浩烟酒食品店,21093341,2022/3/18,王德省,,16,
479,宁波市级部,宁波城市所,旺旺超市,21797192,2022/3/18,王德省,,,
480,宁波市级部,宁波城市所,孙李小店,21094300,2022/3/18,王德省,,3,
481,宁波市级部,宁波城市所,甬瑞烟酒商行,21843130,2022/3/18,王德省,,,
482,宁波市级部,宁海县级所,龙泉烟酒店,21915539,2022/3/18,吴亲镜-李义,,8,1
483,宁波市级部,宁海县级所,华美商行,21864895,2022/3/18,吴亲镜-李义,,5,
484,宁波市级部,宁海县级所,菜场便利店,21308659,2022/3/18,吴亲镜-李义,,7,
485,宁波市级部,宁海县级所,秀莲副食,21658666,2022/3/18,吴亲镜-李义,,7,2
486,宁波市级部,宁海县级所,海敏副食,21698655,2022/3/18,吴亲镜-李义,,6,
487,宁波市级部,宁海县级所,中友超市,22325447,2022/3/18,吴亲镜-李义,5,90,2
488,宁波市级部,宁海县级所,阿定副食,21702917,2022/3/18,吴亲镜-李义,,2,1
489,宁波市级部,宁海县级所,叶启来副食,21977620,2022/3/18,吴亲镜-李义,,7,
490,宁波市级部,宁海县级所,高塘炒货店,22039458,2022/3/18,吴亲镜-李义,4,21,2
491,宁波市级部,宁海县级所,鸿焰商行,21820587,2022/3/18,吴亲镜-李义,,7,
492,宁波市级部,上虞县级所,新世纪舜虞超市,8346089,2022/3/18,夏琪锴,,2,
493,宁波市级部,上虞县级所,暖心超市,21173582,2022/3/18,夏琪锴,,11,2
494,宁波市级部,上虞县级所,闽冬超市,6016130,2022/3/18,夏琪锴,,35,2
495,宁波市级部,上虞县级所,子仪超市,20784952,2022/3/18,夏琪锴,,3,
496,宁波市级部,上虞县级所,瑞州超市。,20788542,2022/3/18,夏琪锴,,,
497,宁波市级部,上虞县级所,鑫融百货超市,8308137,2022/3/18,夏琪锴,,8,
498,宁波市级部,上虞县级所,语乐超市,6564651,2022/3/18,夏琪锴,,,
499,宁波市级部,上虞县级所,一珂超市,20270302,2022/3/18,夏琪锴,,4,2
500,宁波市级部,上虞县级所,永钢伞业小店,20930319,2022/3/18,夏琪锴,,40,
501,宁波市级部,上虞县级所,中天网吧,6361082,2022/3/18,夏琪锴,,,
502,宁波市级部,上虞县级所,冠购超市严村,6320280,2022/3/18,夏琪锴,,,
503,宁波市级部,上虞县级所,MG电竞,21592781,2022/3/18,夏琪锴,,,
504,宁波市级部,上虞县级所,白米堰平价超市,6711772,2022/3/18,夏琪锴,,,
505,宁波市级部,柯桥城市所,国兴烟洒,21602852,2022/3/18,张谦-苗小波,,4,
506,宁波市级部,柯桥城市所,舒美世纪华联,7242935,2022/3/18,张谦-苗小波,,50,
507,宁波市级部,柯桥城市所,东北水饺,21602550,2022/3/18,张谦-苗小波,,,
508,宁波市级部,柯桥城市所,运豪便利店,20807918,2022/3/18,张谦-苗小波,,,
509,宁波市级部,柯桥城市所,佳信烟酒,21602652,2022/3/18,张谦-苗小波,,5,
510,宁波市级部,柯桥城市所,世纪华联,7379868,2022/3/18,张谦-苗小波,,39,
511,宁波市级部,柯桥城市所,河南烩面,22503029,2022/3/18,张谦-苗小波,2,,
512,宁波市级部,柯桥城市所,河南会面,21601187,2022/3/18,张谦-苗小波,,,
513,宁波市级部,柯桥城市所,沙县小吃,21601481,2022/3/18,张谦-苗小波,,,1
514,宁波市级部,柯桥城市所,黄焖鸡米饭,20721258,2022/3/18,张谦-苗小波,,,
515,宁波市级部,柯桥城市所,云梅烟酒,20757139,2022/3/18,张谦-苗小波,,,
516,宁波市级部,柯桥城市所,祁亮烟酒,20763648,2022/3/18,张谦-苗小波,,,
517,宁波市级部,宁海县级所,九龙副食（惠联惠）,21689974,2022/3/18,张伟-李义,,2,
518,宁波市级部,宁海县级所,下营商店,21692709,2022/3/18,张伟-李义,,34,
519,宁波市级部,宁海县级所,金根娥副食,21373879,2022/3/18,张伟-李义,,10,
520,宁波市级部,宁海县级所,潘秀芬副食,21694605,2022/3/18,张伟-李义,,3,
521,宁波市级部,宁海县级所,晓塘满玉副食（九龙江227号）,21689901,2022/3/18,张伟-李义,,,
522,宁波市级部,宁海县级所,亚青副食,21691925,2022/3/18,张伟-李义,,7,
523,宁波市级部,宁海县级所,朱金燕副食,21661530,2022/3/18,张伟-李义,,2,
524,宁波市级部,宁海县级所,红万副食,21694564,2022/3/18,张伟-李义,,2,
525,宁波市级部,宁海县级所,晓塘金农副食（西边塘永丰路9号）,21691673,2022/3/18,张伟-李义,,,
526,宁波市级部,宁海县级所,定山快乐购,21694168,2022/3/18,张伟-李义,,2,
527,宁波市级部,宁海县级所,宝丽商行,21692236,2022/3/18,张伟-李义,,2,
528,宁波市级部,上虞县级所,大通便利,8067053,2022/3/18,张云南,,11,2
529,宁波市级部,上虞县级所,河南饭店,6145295,2022/3/18,张云南,,,
530,宁波市级部,上虞县级所,好又来,6161444,2022/3/18,张云南,,4,
531,宁波市级部,上虞县级所,小越沙县小吃,21684559,2022/3/18,张云南,,,
532,宁波市级部,上虞县级所,金澜超市小吃,7975884,2022/3/18,张云南,,12,
533,宁波市级部,上虞县级所,小越兴隆超市,6109489,2022/3/18,张云南,,2,
534,宁波市级部,上虞县级所,啊其批发,6396435,2022/3/18,张云南,,,
535,宁波市级部,上虞县级所,华联超市,8007709,2022/3/18,张云南,,23,2
536,宁波市级部,上虞县级所,环越超市,20887311,2022/3/18,张云南,,2,1
537,宁波市级部,上虞县级所,腾州小吃,6217768,2022/3/18,张云南,,,
538,宁波市级部,上虞县级所,越都超市,7334466,2022/3/18,张云南,,40,
539,宁波市级部,上虞县级所,新世纪华联,6161473,2022/3/18,张云南,,15,
540,宁波市级部,上虞县级所,联华超市,20857751,2022/3/18,张云南,,39,
541,宁波市级部,上虞县级所,皖豫副食品店,8378256,2022/3/18,张云南,,36,2
542,宁波市级部,上虞县级所,上光照明小卖部,6681712,2022/3/18,张云南,,6,
543,宁波市级部,上虞县级所,烟酒副食店,21058388,2022/3/18,张云南,,3,1
544,宁波市级部,上虞县级所,越福生活馆,21670102,2022/3/18,张云南,,40,1
545,宁波市级部,宁波城市所,中国八违4号小店,21093587,2022/3/18,郑满江-郑燕,1,,
546,宁波市级部,宁波城市所,汇诚厂,21740326,2022/3/18,郑满江-郑燕,1,12,
547,宁波市级部,宁波城市所,至方工地l,22001691,2022/3/18,郑满江-郑燕,,,
548,宁波市级部,宁波城市所,海达工地,22559636,2022/3/18,郑满江-郑燕,,,
549,宁波市级部,岱山县级所,华容烟酒店,6436932,2022/3/18,朱飞-余士丽,,2,2
